{
  "project_info": {
    "project_id": "smart-cart-3dd79",
    "project_number": "655089305159",
    "name": "Smart Cart"
  },
  "client": [
    {
      "client_info": {
        "mobilesdk_app_id": "1:655089305159:android:50adb4fb2133f383",
        "client_id": "android:com.bijoyskochar.smartcart",
        "client_type": 1,
        "android_client_info": {
          "package_name": "com.bijoyskochar.smartcart",
          "certificate_hash": []
        }
      },
      "oauth_client": [
        {
          "client_id": "655089305159-1c6ds5bh502kjev2rfk57ngh30teuq74.apps.googleusercontent.com",
          "client_type": 1,
          "android_info": {
            "package_name": "com.bijoyskochar.smartcart",
            "certificate_hash": "64EB0FEEF5099604CE95A2503778835329C9E0EE"
          }
        },
        {
          "client_id": "655089305159-rj40rrdhvc3u6ipu06j867vq0erl9kdd.apps.googleusercontent.com",
          "client_type": 3
        }
      ],
      "api_key": [],
      "services": {
        "analytics_service": {
          "status": 1
        },
        "cloud_messaging_service": {
          "status": 1,
          "apns_config": []
        },
        "appinvite_service": {
          "status": 1,
          "other_platform_oauth_client": []
        },
        "google_signin_service": {
          "status": 2
        },
        "ads_service": {
          "status": 1
        }
      }
    }
  ],
  "client_info": [],
  "ARTIFACT_VERSION": "1"
}